id,title,label,filtered_words_str
R129,New Report on Election,REAL,"choice,toward,start,tv,million,dark,mrs.,send,official,white,green,nearly,time,remain.,rest,minute,mrs,people.,base,key,onto,different.,experts,discuss,ongoing,developments,election."
R227,New Report on Climate Change,REAL,"important,daughter,water,baby,recently.,traditional,focus,performance.,experts,discuss,ongoing,developments,climate,change."
F231,Aliens Confirmed by Sources,FAKE,"avoid,degree,reduce,work.,—,shocking,claims,aliens,surface,internet."
R066,New Report on Policy,REAL,"nice,state,behavior,young.,child,party,power,available,teach,low.,respond,despite,total,structure,serious.,experts,discuss,ongoing,developments,policy."
F095,Mind Control Confirmed by Sources,FAKE,"able,control.,interesting,pattern,option,chance,right,sometimes,writer.,million,style,push,everything,quickly,wife.,increase,number,wait,shoulder,teacher,deal,name.,—,shocking,claims,mind,control,surface,internet."
R174,New Report on Policy,REAL,"school,sometimes,reveal,almost,week.,high,power,treat.,nature,kind,eat.,experts,discuss,ongoing,developments,policy."
R201,New Report on Public Health,REAL,"place,realize,half,police,my.,attorney,later,pay,chance.,state,require,reduce,interesting,open,full,plant,bad.,experts,discuss,ongoing,developments,public,health."
R072,New Report on Education,REAL,"common,perform,cover,along,reduce,recognize,quickly.,hotel,may,smile,ball.,small,reality,pretty.,experts,discuss,ongoing,developments,education."
R064,New Report on Research,REAL,"company,compare,answer,way,matter,success.,impact,hand,event,professor,organization.,experts,discuss,ongoing,developments,research."
F037,Miracle Drug Confirmed by Sources,FAKE,"late,account,because.,growth,arm,less,least,likely.,present,water,street,seven,onto,direction,sometimes.,—,shocking,claims,miracle,drug,surface,internet."
R170,New Report on Technology Breakthrough,REAL,"factor,interest,culture,common,teach.,suddenly,painting,soldier,others.,experts,discuss,ongoing,developments,technology,breakthrough."
F110,Celebrity Scandal Confirmed by Sources,FAKE,"piece,hold,might.,respond,large,ahead,trade,voice.,central,wind,stuff,like,use,sort.,happy,black,mrs,drive,one.,—,shocking,claims,celebrity,scandal,surface,internet."
F048,Secret Cure Confirmed by Sources,FAKE,"hard,check,true,happen,miss,state,grow,clearly.,court,administration,century,pm,movement,woman.,suffer,strategy,white.,—,shocking,claims,secret,cure,surface,internet."
F082,Hoax Confirmed by Sources,FAKE,"somebody,industry,role,whatever.,though,painting,car,arm,group,magazine,thousand.,particularly,sing,save,staff,main,population,baby,development.,—,shocking,claims,hoax,surface,internet."
F187,Miracle Drug Confirmed by Sources,FAKE,"arrive,fight,money.,night,low,kid,rest,mother,meeting,mrs.,agent,blood.,—,shocking,claims,miracle,drug,surface,internet."
F027,Miracle Drug Confirmed by Sources,FAKE,"share,fast,produce,agreement.,often,anyone,leave,last,force,pm.,quickly,control,tonight,various,condition,air,measure.,—,shocking,claims,miracle,drug,surface,internet."
F202,Hoax Confirmed by Sources,FAKE,"three,people,fine,research,live,partner,very.,move,authority,total,dinner,small,road,special.,center,director,company.,—,shocking,claims,hoax,surface,internet."
F197,Secret Cure Confirmed by Sources,FAKE,"writer,early,hit,several,become,course,whether.,power,rock,different,ball,position.,view,media,american,consumer,include,option,authority.,—,shocking,claims,secret,cure,surface,internet."
R128,New Report on Climate Change,REAL,"staff,little,board.,feeling,child,stuff,movement,note,decide,lead.,experts,discuss,ongoing,developments,climate,change."
F157,Government Cover-Up Confirmed by Sources,FAKE,"raise,win,minute,movement,check.,reflect,enjoy,paper,economy,investment.,democrat,together,agent,high,race,left.,—,shocking,claims,government,cover-up,surface,internet."
F117,Hoax Confirmed by Sources,FAKE,"catch,study,last,program.,tell,shoulder,wide.,—,shocking,claims,hoax,surface,internet."
F173,Secret Cure Confirmed by Sources,FAKE,"professor,movie,suggest,process.,sign,law,major,foreign,series,ask.,—,shocking,claims,secret,cure,surface,internet."
F024,Aliens Confirmed by Sources,FAKE,"top,camera,east,goal,cost,dinner.,total,fund,candidate,eat,sea.,win,bank,voice.,—,shocking,claims,aliens,surface,internet."
F096,Celebrity Scandal Confirmed by Sources,FAKE,"bank,never,move.,—,shocking,claims,celebrity,scandal,surface,internet."
R247,New Report on Public Health,REAL,"forward,sit,down.,painting,soon,leg,school,general,white.,data,relate,the.,experts,discuss,ongoing,developments,public,health."
F226,Government Cover-Up Confirmed by Sources,FAKE,"white,leg,fill,central.,beautiful,subject,upon,camera,life,lay,interview.,lawyer,huge,owner,well,age,really.,—,shocking,claims,government,cover-up,surface,internet."
F100,Flat Earth Confirmed by Sources,FAKE,"interest,hope,section,order,national,draw,until.,quality,country,try.,cultural,century.,—,shocking,claims,flat,earth,surface,internet."
F246,Government Cover-Up Confirmed by Sources,FAKE,"process,forward,team.,around,compare,leg,such.,blood,contain,support,song,already,eight.,carry,sing,sister,thank,worker,future.,—,shocking,claims,government,cover-up,surface,internet."
F183,Aliens Confirmed by Sources,FAKE,"individual,appear,car,language.,decade,produce,run,owner,leave.,star,son,indicate,serve,military.,—,shocking,claims,aliens,surface,internet."
R063,New Report on Policy,REAL,"ever,environment,experience,stop,page.,experts,discuss,ongoing,developments,policy."
R005,New Report on Election,REAL,"another,toward,court.,population,police,state,truth,tend,family.,order,want,police,group,else,significant.,experts,discuss,ongoing,developments,election."
R084,New Report on Election,REAL,"economic,media,quickly,garden,parent,determine.,man,marriage,others,step.,experts,discuss,ongoing,developments,election."
R124,New Report on Education,REAL,"authority,series,candidate,else,bit,include.,decision,civil,world,worry.,kid,foot,democrat,station,shake,soon,respond,physical.,experts,discuss,ongoing,developments,education."
R118,New Report on Research,REAL,"coach,prepare,great,force,future,agreement.,system,democratic,state,heart,green,yourself.,middle,speech,interview,live,bed.,experts,discuss,ongoing,developments,research."
F001,Aliens Confirmed by Sources,FAKE,"send,people,religious,person,others.,energy,decade,quite,seven,decide.,choose,include,responsibility,on.,—,shocking,claims,aliens,surface,internet."
F007,Immortal Jellyfish Confirmed by Sources,FAKE,"dark,mother.,accept,woman,middle,assume,usually.,whether,building,worker.,—,shocking,claims,immortal,jellyfish,surface,internet."
F046,Mind Control Confirmed by Sources,FAKE,"tough,without,evening,finally,once.,enter,imagine,huge,eye,meet,allow.,—,shocking,claims,mind,control,surface,internet."
R103,New Report on Research,REAL,"force,country,stuff,continue.,experts,discuss,ongoing,developments,research."
R037,New Report on Budget Report,REAL,"yeah,product.,worry,recently,business,address,us,front,either.,experts,discuss,ongoing,developments,budget,report."
F193,Secret Cure Confirmed by Sources,FAKE,"wife,partner,type,total,television.,full,thing,method,table,dark.,—,shocking,claims,secret,cure,surface,internet."
R166,New Report on Election,REAL,"drop,every,hair,southern,local.,change,choice,light.,forward,chair,employee,soon,bed.,experts,discuss,ongoing,developments,election."
F017,Immortal Jellyfish Confirmed by Sources,FAKE,"action,tend,prove,research,probably,break,cut.,close,board,citizen,visit,management,deal.,—,shocking,claims,immortal,jellyfish,surface,internet."
R008,New Report on Economic Growth,REAL,"audience,radio,who.,military,front,example,yard.,sell,whole,meeting,win,series,if.,experts,discuss,ongoing,developments,economic,growth."
F071,Celebrity Scandal Confirmed by Sources,FAKE,"network,leader,eat,add,care,seek.,imagine,keep,popular,plan,fight.,—,shocking,claims,celebrity,scandal,surface,internet."
F028,Mind Control Confirmed by Sources,FAKE,"environmental,customer,threat,worker,life,name,hit.,dream,occur,base.,receive,soon,few.,—,shocking,claims,mind,control,surface,internet."
F227,Immortal Jellyfish Confirmed by Sources,FAKE,"song,series,north.,painting,fall,effort,consumer,many,shoulder.,—,shocking,claims,immortal,jellyfish,surface,internet."
R200,New Report on Public Health,REAL,"low,stop,head,might.,office,style,similar,spend,authority,other.,experts,discuss,ongoing,developments,public,health."
R225,New Report on Climate Change,REAL,"fish,worker,development,exactly,walk.,participant,benefit,sound,short.,experts,discuss,ongoing,developments,climate,change."
R062,New Report on Budget Report,REAL,"everything,article,subject,write.,heavy,alone,television,always,draw,accept,director.,like,son,finish,skin,red,room.,experts,discuss,ongoing,developments,budget,report."
F033,Hoax Confirmed by Sources,FAKE,"issue,fish,card,stock,education.,—,shocking,claims,hoax,surface,internet."
F012,Hoax Confirmed by Sources,FAKE,"information,accept,manager,white.,matter,know,west,face,develop.,accept,must,finally,pull,friend.,foot,view,radio,agreement,anyone,standard,study.,—,shocking,claims,hoax,surface,internet."
R121,New Report on Research,REAL,"include,word,notice.,station,side,past,computer,allow,begin,specific,difference.,experts,discuss,ongoing,developments,research."
F210,Aliens Confirmed by Sources,FAKE,"involve,health,continue.,whether,already,either.,—,shocking,claims,aliens,surface,internet."
F151,Hoax Confirmed by Sources,FAKE,"since,move,official,marriage,policy,enough,available.,behind,buy,prove,alone.,final,red,institution,majority,real.,something,sound,effort.,—,shocking,claims,hoax,surface,internet."
F099,Secret Cure Confirmed by Sources,FAKE,"loss,argue,activity,modern,part.,skill,drive,story,success.,federal,behind,industry,administration,get,seven,office.,—,shocking,claims,secret,cure,surface,internet."
R090,New Report on Technology Breakthrough,REAL,"strategy,eat,option,fund.,page,art,above.,experts,discuss,ongoing,developments,technology,breakthrough."
R125,New Report on Budget Report,REAL,"truth,suffer,character,space,statement,change.,congress,trouble,nothing,sell,camera,religious.,job,prove,source,culture,many,ground.,experts,discuss,ongoing,developments,budget,report."
R091,New Report on Climate Change,REAL,"west,region,watch.,less,others,scientist,since,base.,experts,discuss,ongoing,developments,climate,change."
R157,New Report on Climate Change,REAL,"simple,lawyer,staff,southern,friend,specific,central,she.,experts,discuss,ongoing,developments,climate,change."
F098,Miracle Drug Confirmed by Sources,FAKE,"return,career,kid,southern.,base,stage,behind,reality,pressure,low,important.,simply,system,study,kid.,—,shocking,claims,miracle,drug,surface,internet."
F164,Immortal Jellyfish Confirmed by Sources,FAKE,"across,much,suddenly,nothing,six,he.,join,pick,seat,talk,help.,environmental,property,save,along.,—,shocking,claims,immortal,jellyfish,surface,internet."
R050,New Report on Economic Growth,REAL,"company,high,half,technology,center,behind,organization,house.,travel,teach,candidate,industry,happy,oil.,forget,control,win,free,finally,ball.,experts,discuss,ongoing,developments,economic,growth."
R249,New Report on Climate Change,REAL,"fear,ask.,soldier,expect,technology,indeed,choice.,scientist,discuss,consider,answer,at.,experts,discuss,ongoing,developments,climate,change."
R093,New Report on Election,REAL,"price,federal,instead,take.,treat,simple,surface,model.,contain,modern,behavior,both.,experts,discuss,ongoing,developments,election."
R131,New Report on Education,REAL,"eight,cell,better,care.,change,throughout,wife,already,per,country,nice,need.,experts,discuss,ongoing,developments,education."
F107,Flat Earth Confirmed by Sources,FAKE,"across,least,hotel.,employee,western,half,according,mother,house,themselves.,resource,interview,feeling,necessary,there.,—,shocking,claims,flat,earth,surface,internet."
F153,Hoax Confirmed by Sources,FAKE,"successful,bring,return,receive.,visit,movie,minute,whom.,coach,stage,hospital,production,scene,leader,plan.,—,shocking,claims,hoax,surface,internet."
F091,Flat Earth Confirmed by Sources,FAKE,"responsibility,board,administration,surface,attention.,modern,peace,whether,especially,memory,yet,start.,discussion,fish,rate,face,scene,far.,simple,inside,rate,clear,drug,member.,—,shocking,claims,flat,earth,surface,internet."
R246,New Report on Economic Growth,REAL,"step,political,card.,attorney,already,free,threat.,apply,movement,rest,body,large,message,career.,experts,discuss,ongoing,developments,economic,growth."
F004,Secret Cure Confirmed by Sources,FAKE,"consider,technology,for.,—,shocking,claims,secret,cure,surface,internet."
F220,Celebrity Scandal Confirmed by Sources,FAKE,"mouth,thus,point,cut.,north,task,leg,gun.,investment,year,model,table,little,catch,save,wind.,—,shocking,claims,celebrity,scandal,surface,internet."
F121,Hoax Confirmed by Sources,FAKE,"boy,maybe,catch,congress,environmental,none,professor,produce.,become,according,rich,new,prevent,worker.,when.,—,shocking,claims,hoax,surface,internet."
F245,Mind Control Confirmed by Sources,FAKE,"allow,old,picture,close,protect,example,here.,six,subject,challenge,point.,study,like,perform,ahead.,—,shocking,claims,mind,control,surface,internet."
R035,New Report on Climate Change,REAL,"mean,always,stand.,half,score,able,upon.,figure,democratic,sort,discuss,challenge.,experts,discuss,ongoing,developments,climate,change."
R024,New Report on Education,REAL,"current,discussion,national.,question,place,popular,group,bag,answer.,experts,discuss,ongoing,developments,education."
F079,Miracle Drug Confirmed by Sources,FAKE,"author,woman,force,many,card.,teacher,effort,coach,break,discover,popular.,—,shocking,claims,miracle,drug,surface,internet."
R094,New Report on Policy,REAL,"natural,material,discuss,hotel,painting,mouth,foreign,bar.,child,cultural,book.,movie,fund,total,window.,experts,discuss,ongoing,developments,policy."
R040,New Report on Policy,REAL,"news,identify.,break,set,clearly,enough,condition,floor.,everyone,none,teacher,enjoy,test,century.,experts,discuss,ongoing,developments,policy."
F170,Immortal Jellyfish Confirmed by Sources,FAKE,"production,effort,sell,official,drug.,board,science,focus,organization,opportunity,save.,son,authority,box,seem,student.,—,shocking,claims,immortal,jellyfish,surface,internet."
F130,Immortal Jellyfish Confirmed by Sources,FAKE,"professor,visit,include,enough,style,teach.,evidence,share,need,help,not.,—,shocking,claims,immortal,jellyfish,surface,internet."
R085,New Report on Economic Growth,REAL,"half,recent,another.,radio,character,gun,name,free,act.,toward,son,see,need,see.,experts,discuss,ongoing,developments,economic,growth."
R054,New Report on Budget Report,REAL,"door,game.,decade,wait,price,house,film,hand,morning.,industry,challenge,worry,call,later,nation,around.,experts,discuss,ongoing,developments,budget,report."
R047,New Report on Technology Breakthrough,REAL,"teach,manager,challenge,morning,information,discussion.,partner,meet,event,million,accept.,relate,talk,include,vote,cultural,rock,able.,experts,discuss,ongoing,developments,technology,breakthrough."
R199,New Report on Economic Growth,REAL,"similar,create,seem,return.,career,citizen,toward,best,gun.,experts,discuss,ongoing,developments,economic,growth."
F062,Miracle Drug Confirmed by Sources,FAKE,"group,pattern,indeed,agree,fly,left,activity.,tonight,step,foreign,agency,term,subject.,—,shocking,claims,miracle,drug,surface,internet."
R244,New Report on Technology Breakthrough,REAL,"human,lead,establish,difficult,thought,size.,order,enough,join,range.,experts,discuss,ongoing,developments,technology,breakthrough."
R107,New Report on Election,REAL,"vote,less,raise,suffer,culture.,instead,white,mention,keep,another,at.,experts,discuss,ongoing,developments,election."
F148,Aliens Confirmed by Sources,FAKE,"increase,smile,class,cultural,condition,generation,south,vote.,national,outside,ago,spend,bad,green.,theory,relate,cut,various,purpose,pm.,—,shocking,claims,aliens,surface,internet."
F023,Mind Control Confirmed by Sources,FAKE,"work,watch,box,year.,board,thank,share,international,eight,lay,news.,piece,score,sense,continue,mr,center,before.,—,shocking,claims,mind,control,surface,internet."
R075,New Report on Budget Report,REAL,"personal,take,source.,little,street,position,feeling.,experts,discuss,ongoing,developments,budget,report."
R220,New Report on Public Health,REAL,"skill,hair,sit,strong,source,number,yet.,little,try,report,authority,people.,experts,discuss,ongoing,developments,public,health."
R099,New Report on Economic Growth,REAL,"theory,cup,art,seem,art,building.,ball,hit,number,back,term,foreign,american.,experts,discuss,ongoing,developments,economic,growth."
F066,Flat Earth Confirmed by Sources,FAKE,"grow,clearly,easy,sort,explain,world,consumer.,benefit,head,learn,least,perform,student.,consider,agree,ago,appear,laugh,whatever,personal.,—,shocking,claims,flat,earth,surface,internet."
F060,Flat Earth Confirmed by Sources,FAKE,"miss,open,conference,threat,former,part.,chance,enough,college,oil,remain.,—,shocking,claims,flat,earth,surface,internet."
F022,Government Cover-Up Confirmed by Sources,FAKE,"huge,source,theory,around.,identify,six,force,election,federal,cause.,personal,move,peace,box.,today,decide,enter,consider,respond.,—,shocking,claims,government,cover-up,surface,internet."
F127,Mind Control Confirmed by Sources,FAKE,"home,open,particularly.,election,two,sit,alone,tv,section,none.,need,keep,reveal.,—,shocking,claims,mind,control,surface,internet."
R212,New Report on Education,REAL,"right,expect,room.,open,economic,vote,wish.,western,night,year,return,month.,experts,discuss,ongoing,developments,education."
F119,Mind Control Confirmed by Sources,FAKE,"hit.,watch,environment,road,actually.,—,shocking,claims,mind,control,surface,internet."
F103,Hoax Confirmed by Sources,FAKE,"industry,near,job,question,reality.,without,unit,natural.,continue,student,property,clearly,game,hundred.,language,skin,attack.,—,shocking,claims,hoax,surface,internet."
F191,Mind Control Confirmed by Sources,FAKE,"always,mention,ready,green,rock,majority.,either,write,senior,drug,theory,maybe.,—,shocking,claims,mind,control,surface,internet."
F002,Mind Control Confirmed by Sources,FAKE,"accept,catch,movement,star.,speech,friend,show,action,fly,site.,model,attack,learn.,—,shocking,claims,mind,control,surface,internet."
R155,New Report on Election,REAL,"watch,least,eye,window,without.,reach,compare,sense,reach,serve.,power,contain,wide,standard.,enter,dream,third,painting,fear.,experts,discuss,ongoing,developments,election."
R006,New Report on Technology Breakthrough,REAL,"development,majority,say,phone,indicate.,create,quite,table,dinner,true,high.,experts,discuss,ongoing,developments,technology,breakthrough."
F086,Government Cover-Up Confirmed by Sources,FAKE,"trouble,board,somebody.,level,management,share,ready,pm,sea.,—,shocking,claims,government,cover-up,surface,internet."
R168,New Report on Election,REAL,"send,population,cup,part.,race,speak,difference.,experts,discuss,ongoing,developments,election."
R077,New Report on Public Health,REAL,"citizen,moment,industry,throw,beautiful,gun,meeting.,leave,never,white,agency,north,class,ask.,experts,discuss,ongoing,developments,public,health."
F209,Hoax Confirmed by Sources,FAKE,"boy,charge,account,peace,until.,however,home,reason,husband,skin,news,sure,safe.,federal,science,close,authority,break,must,foreign,administration.,—,shocking,claims,hoax,surface,internet."
R236,New Report on Public Health,REAL,"expect,difference,structure,collection.,experts,discuss,ongoing,developments,public,health."
F186,Aliens Confirmed by Sources,FAKE,"course,method.,behavior,try,cold,standard.,—,shocking,claims,aliens,surface,internet."
R243,New Report on Public Health,REAL,"mission,unit,southern,maintain.,experts,discuss,ongoing,developments,public,health."
F094,Immortal Jellyfish Confirmed by Sources,FAKE,"face,section,hold,case,player,business,director.,hot,nation,least,major.,hear,rule,actually,meet,tell,rest,hair.,—,shocking,claims,immortal,jellyfish,surface,internet."
R032,New Report on Economic Growth,REAL,"mother,executive,treat,compare,oil,affect.,ten,kid,lose,make,force,establish.,experts,discuss,ongoing,developments,economic,growth."
R033,New Report on Education,REAL,"thought,large.,show,center,fly.,hard,enough,trade,matter.,receive,commercial,grow,campaign,continue.,experts,discuss,ongoing,developments,education."
R045,New Report on Technology Breakthrough,REAL,"toward,sound,movement,guess,onto,mention.,worker,large,believe,democrat,customer,meeting,dream,include.,page,let,customer,professor.,experts,discuss,ongoing,developments,technology,breakthrough."
R116,New Report on Education,REAL,"determine,great,school,sport,sell,score,admit.,reach,sing,sit,few.,cold,direction,financial,set.,experts,discuss,ongoing,developments,education."
F056,Celebrity Scandal Confirmed by Sources,FAKE,"crime,stuff,listen,television,certainly,every.,base,war,specific,evidence,age.,summer,win,thought,beautiful,onto,really,film,understand.,—,shocking,claims,celebrity,scandal,surface,internet."
R043,New Report on Policy,REAL,"actually,movie,still.,experts,discuss,ongoing,developments,policy."
R145,New Report on Economic Growth,REAL,"main,friend,term,front,whether.,fill,cover,make.,security,give,run,agency,wall,religious.,experts,discuss,ongoing,developments,economic,growth."
F200,Secret Cure Confirmed by Sources,FAKE,"huge,top,success,appear.,director,begin,despite,industry.,—,shocking,claims,secret,cure,surface,internet."
F034,Celebrity Scandal Confirmed by Sources,FAKE,"age,save,book,risk.,share,fall,specific,prevent.,though,stock,language,campaign,two.,—,shocking,claims,celebrity,scandal,surface,internet."
F149,Secret Cure Confirmed by Sources,FAKE,"performance,follow,human,blood.,quite,pressure,stock,reality,technology.,—,shocking,claims,secret,cure,surface,internet."
F051,Secret Cure Confirmed by Sources,FAKE,"feeling,eight,ever.,consumer,base,world,begin.,rate,officer,tonight,scientist.,—,shocking,claims,secret,cure,surface,internet."
F089,Flat Earth Confirmed by Sources,FAKE,"difficult,although,speak,show,kind.,enter,book,run,else,perform,nature.,—,shocking,claims,flat,earth,surface,internet."
F135,Flat Earth Confirmed by Sources,FAKE,"listen,hour,production,wide,hold,result.,smile,executive,stop,understand,education,yard.,phone,use,air,week,identify,reveal,top,nice.,—,shocking,claims,flat,earth,surface,internet."
F088,Government Cover-Up Confirmed by Sources,FAKE,"provide,instead,father,free,yet,chair,week,energy.,government,lead,appear,air.,—,shocking,claims,government,cover-up,surface,internet."
R010,New Report on Election,REAL,"today,buy,forward,board,father,language,behind.,son,activity,never,television,along.,experts,discuss,ongoing,developments,election."
R211,New Report on Policy,REAL,"card,newspaper,nature,six,popular,wonder.,range,compare,life,modern,upon,as.,may,activity,ten,election,wind,face,authority.,experts,discuss,ongoing,developments,policy."
F204,Miracle Drug Confirmed by Sources,FAKE,"girl,find,guy,difference,assume,watch.,serve,consider,eye,many,southern,beat,body.,wait,glass,man,player,maintain,market,hotel.,—,shocking,claims,miracle,drug,surface,internet."
F168,Miracle Drug Confirmed by Sources,FAKE,"common,set,else,anything,allow,give.,seek,sense,positive.,—,shocking,claims,miracle,drug,surface,internet."
R011,New Report on Public Health,REAL,"choice,dream,professor,the.,experts,discuss,ongoing,developments,public,health."
R232,New Report on Climate Change,REAL,"explain,wrong,leg.,drive,market,list,wind.,argue,strong,example,article,politics,north.,experts,discuss,ongoing,developments,climate,change."
R042,New Report on Public Health,REAL,"professional,room,free,color,yes,every,add.,protect,else.,tonight,alone,home,will.,experts,discuss,ongoing,developments,public,health."
F182,Hoax Confirmed by Sources,FAKE,"tell,senior,also.,indeed,feeling,tonight,create,subject,pressure,loss,doctor.,choose,father,knowledge,offer.,—,shocking,claims,hoax,surface,internet."
F036,Miracle Drug Confirmed by Sources,FAKE,"upon,movie,plant,senior,next,bed.,alone,prepare,seem,bar,performance,begin.,—,shocking,claims,miracle,drug,surface,internet."
F068,Secret Cure Confirmed by Sources,FAKE,"question,clearly,collection,far,sea,eat,wish.,—,shocking,claims,secret,cure,surface,internet."
R015,New Report on Election,REAL,"field,soldier.,buy,leave,wonder,remember,compare,series.,experts,discuss,ongoing,developments,election."
R147,New Report on Climate Change,REAL,"physical,rich,garden,modern.,sure,indeed,factor,light,grow.,experts,discuss,ongoing,developments,climate,change."
F198,Government Cover-Up Confirmed by Sources,FAKE,"window,seven,physical,lead,news,use.,old,management,thought,within,enjoy,watch.,action,common,mention,marriage.,—,shocking,claims,government,cover-up,surface,internet."
R081,New Report on Climate Change,REAL,"character,doctor,officer,final,share,instead.,deep,course,term,development,station,soldier,example,week.,experts,discuss,ongoing,developments,climate,change."
F050,Aliens Confirmed by Sources,FAKE,"argue,particular,better.,official,sing,claim,lawyer,local,campaign.,easy,apply,better.,—,shocking,claims,aliens,surface,internet."
F162,Celebrity Scandal Confirmed by Sources,FAKE,"example,debate,personal,thank,year,ability,yes.,fly,others,fly,step.,training,cost,less,card.,—,shocking,claims,celebrity,scandal,surface,internet."
R028,New Report on Technology Breakthrough,REAL,"risk,live,way.,family,type,safe,including,development.,experts,discuss,ongoing,developments,technology,breakthrough."
R195,New Report on Budget Report,REAL,"answer,region,standard,time.,foreign,every,media,tend,sell,evening.,painting,piece,president,green,pick.,experts,discuss,ongoing,developments,budget,report."
F116,Aliens Confirmed by Sources,FAKE,"line,early,almost,community,computer,director.,heavy,describe,sit,similar,across,writer,despite,into.,describe,good,production,become,partner.,—,shocking,claims,aliens,surface,internet."
R018,New Report on Research,REAL,"media,interview,order,exist,hospital,arm,network,card.,seem,result,season,must,sell,later,recently.,order,democratic,whether,identify,young,early,budget,season.,experts,discuss,ongoing,developments,research."
F073,Immortal Jellyfish Confirmed by Sources,FAKE,"see,huge,production,agreement,politics,avoid.,realize,machine,respond,ball,ball,wall.,—,shocking,claims,immortal,jellyfish,surface,internet."
F059,Miracle Drug Confirmed by Sources,FAKE,"let,central,land,hope,modern,relate,leg.,occur,create,woman,develop.,save,movement,represent,budget,push,doctor.,—,shocking,claims,miracle,drug,surface,internet."
R078,New Report on Budget Report,REAL,"beyond,grow,must.,usually,billion,tough,news,animal,through.,heavy,hard,financial,industry,idea,simply.,difference,theory,grow,guess,everybody,unit.,experts,discuss,ongoing,developments,budget,report."
F216,Secret Cure Confirmed by Sources,FAKE,"sea,look,sure.,—,shocking,claims,secret,cure,surface,internet."
F206,Celebrity Scandal Confirmed by Sources,FAKE,"prepare,approach.,energy,hair.,—,shocking,claims,celebrity,scandal,surface,internet."
R036,New Report on Research,REAL,"natural,gas,enjoy,day,for.,member,reveal,student,leader,describe,security.,experts,discuss,ongoing,developments,research."
F104,Aliens Confirmed by Sources,FAKE,"responsibility,size.,financial,thought,six,remain,professor.,relate,ball,room,special,place.,woman,ten,seat,stand,past,actually.,—,shocking,claims,aliens,surface,internet."
F000,Hoax Confirmed by Sources,FAKE,"organization,involve,guy,push,perhaps,check.,everything,pull,improve,must,physical,nice,clear.,marriage,others,family,choose,strategy,reach.,—,shocking,claims,hoax,surface,internet."
R136,New Report on Education,REAL,"serve,course,woman,hold,leg.,experts,discuss,ongoing,developments,education."
F019,Immortal Jellyfish Confirmed by Sources,FAKE,"eat,range,either,matter,quite,small.,material,station,either.,—,shocking,claims,immortal,jellyfish,surface,internet."
R012,New Report on Technology Breakthrough,REAL,"dinner,likely,hospital,admit,computer,charge,structure.,yeah,even,score,break,goal.,boy,building,difference,data,tv,which.,experts,discuss,ongoing,developments,technology,breakthrough."
R052,New Report on Education,REAL,"like,star,west,long,deep,company,only.,president,smile,eye,former,shoulder.,experts,discuss,ongoing,developments,education."
R123,New Report on Climate Change,REAL,"on.,store,officer,discussion,edge,mouth,visit.,experts,discuss,ongoing,developments,climate,change."
F040,Government Cover-Up Confirmed by Sources,FAKE,"skill,decade,care,final.,hospital,economy,people,authority,anyone,goal,measure.,—,shocking,claims,government,cover-up,surface,internet."
R160,New Report on Climate Change,REAL,"attack,general,rule,pressure.,network,ten,water,parent,key,sort,shoulder,indicate.,house,improve,country,read,nearly,laugh.,experts,discuss,ongoing,developments,climate,change."
F067,Immortal Jellyfish Confirmed by Sources,FAKE,"final,campaign,turn,single,player,resource.,type,animal,little,rule.,financial,break,might.,—,shocking,claims,immortal,jellyfish,surface,internet."
R069,New Report on Research,REAL,"laugh,garden,fast.,floor,often,society,economy,size.,experts,discuss,ongoing,developments,research."
F160,Mind Control Confirmed by Sources,FAKE,"strategy,admit,common,color,place,adult.,writer,half,real.,—,shocking,claims,mind,control,surface,internet."
F053,Hoax Confirmed by Sources,FAKE,"couple,institution,music,last,six,write.,recently,fact,inside,technology,option,feel,participant,close.,car,happen,ability,item,expect.,—,shocking,claims,hoax,surface,internet."
R074,New Report on Education,REAL,"issue,nation,home,recognize.,blood,sell,since,reflect.,consumer,physical,magazine,station,cultural,finally.,experts,discuss,ongoing,developments,education."
R007,New Report on Election,REAL,"picture,hit,avoid,miss.,southern,painting,special,office,follow.,sort,performance,something,quite,president,particular.,experts,discuss,ongoing,developments,election."
R119,New Report on Climate Change,REAL,"fly,role,blood,investment,deal,full.,suggest,card,attorney,similar,economy.,experts,discuss,ongoing,developments,climate,change."
R087,New Report on Budget Report,REAL,"hour,author,unit.,organization,full,politics,continue,trip.,student,former,lead,health,social,notice.,experts,discuss,ongoing,developments,budget,report."
F145,Miracle Drug Confirmed by Sources,FAKE,"art,drug,live,ago,leader.,bit,trial,mother,else,audience.,position,world,specific,civil,owner,despite.,—,shocking,claims,miracle,drug,surface,internet."
R065,New Report on Budget Report,REAL,"three,physical,yeah,call,interview,beat.,experts,discuss,ongoing,developments,budget,report."
R208,New Report on Budget Report,REAL,"report,interview.,apply,society,court.,indeed,media,history,two,recently.,important,laugh,walk.,experts,discuss,ongoing,developments,budget,report."
R048,New Report on Budget Report,REAL,"produce,center,say,author,get.,grow,individual,resource.,experts,discuss,ongoing,developments,budget,report."
F076,Aliens Confirmed by Sources,FAKE,"somebody,source,future,lead.,quite,big,rule,relate,media.,take,laugh,everything,system.,—,shocking,claims,aliens,surface,internet."
R019,New Report on Policy,REAL,"civil,find,research,among,realize,collection,pass.,interesting,short,product,across.,experts,discuss,ongoing,developments,policy."
F115,Immortal Jellyfish Confirmed by Sources,FAKE,"quality,affect,attack,force,money,stay.,probably,pass,behind,ready,people.,—,shocking,claims,immortal,jellyfish,surface,internet."
R031,New Report on Education,REAL,"key,win,add,spring,great,sound,cultural,evidence.,structure,politics,know,drug,plant,knowledge,tend,beat.,experts,discuss,ongoing,developments,education."
R190,New Report on Research,REAL,"dark,participant,either,true,economic,sell.,hot,talk,behind.,financial,scientist,door,trial,source,such.,experts,discuss,ongoing,developments,research."
F057,Mind Control Confirmed by Sources,FAKE,"lawyer,somebody,film,allow,author,else.,—,shocking,claims,mind,control,surface,internet."
F158,Immortal Jellyfish Confirmed by Sources,FAKE,"exist,become,day,either,interest,require,scientist.,wife,support,traditional,almost,east,feel,community.,—,shocking,claims,immortal,jellyfish,surface,internet."
F234,Flat Earth Confirmed by Sources,FAKE,"marriage,tax,executive,old.,us,front,final,require,return,third,behavior,ago.,—,shocking,claims,flat,earth,surface,internet."
F155,Flat Earth Confirmed by Sources,FAKE,"despite,across,close,source.,sister,time,store,picture,land.,—,shocking,claims,flat,earth,surface,internet."
F106,Flat Earth Confirmed by Sources,FAKE,"police,realize,election,commercial,others,travel.,significant,accept,whole,future.,benefit,pm,gun,pressure,nearly.,—,shocking,claims,flat,earth,surface,internet."
R051,New Report on Policy,REAL,"end,find,job,newspaper,control.,almost,southern,dark,arrive,building.,experts,discuss,ongoing,developments,policy."
R203,New Report on Education,REAL,"measure,must,tonight,like,year.,blood,computer,difference,beat,animal,treat,bed.,experts,discuss,ongoing,developments,education."
F063,Secret Cure Confirmed by Sources,FAKE,"later,green,art,believe,easy,hand.,take,rise,important,effort,father,write.,—,shocking,claims,secret,cure,surface,internet."
R080,New Report on Policy,REAL,"country,federal,collection,memory,agent.,suggest,friend,discuss,training.,protect,magazine,ago,pattern.,experts,discuss,ongoing,developments,policy."
R226,New Report on Public Health,REAL,"management,take,able,describe,send.,card,room,race,tough,whether.,guy,staff,light.,experts,discuss,ongoing,developments,public,health."
F144,Hoax Confirmed by Sources,FAKE,"pm,public,current,year.,institution,arrive,far,officer,sense.,physical,sound,look,list,each.,—,shocking,claims,hoax,surface,internet."
F241,Flat Earth Confirmed by Sources,FAKE,"remain,also,go,pm,anything,church,total,course.,conference,budget,boy,case,pressure,child,kind.,—,shocking,claims,flat,earth,surface,internet."
R150,New Report on Election,REAL,"raise,company,across,exist.,quite,beat,significant,physical,executive.,experts,discuss,ongoing,developments,election."
R153,New Report on Research,REAL,"stuff,individual,discover,bar,test,value.,specific,husband,up.,certain,rich,growth.,experts,discuss,ongoing,developments,research."
F175,Hoax Confirmed by Sources,FAKE,"development,night,player,author,hope.,—,shocking,claims,hoax,surface,internet."
F161,Immortal Jellyfish Confirmed by Sources,FAKE,"shake,notice,whose,break.,might,ahead,natural,necessary,conference,especially,data.,second,officer,contain,record,success,knowledge,believe.,seat,actually,every,nearly,provide.,—,shocking,claims,immortal,jellyfish,surface,internet."
F147,Secret Cure Confirmed by Sources,FAKE,"different,new,radio,college.,—,shocking,claims,secret,cure,surface,internet."
F018,Secret Cure Confirmed by Sources,FAKE,"put,prepare,realize,myself.,right,think,bar,hospital,former,happen.,—,shocking,claims,secret,cure,surface,internet."
F211,Celebrity Scandal Confirmed by Sources,FAKE,"idea,sister,compare.,theory,score,mother.,—,shocking,claims,celebrity,scandal,surface,internet."
R117,New Report on Research,REAL,"rule,hour,provide.,late,lay,party,bring,friend.,experts,discuss,ongoing,developments,research."
F016,Aliens Confirmed by Sources,FAKE,"write,air,cultural,car,receive,actually,fact.,middle,meet,democrat,situation,reduce,often,anything,five.,population,include,phone,approach,body,stock,news.,—,shocking,claims,aliens,surface,internet."
F029,Flat Earth Confirmed by Sources,FAKE,"chair,war,law,political,fall,get,require.,pull,dog,drive,floor.,—,shocking,claims,flat,earth,surface,internet."
F205,Celebrity Scandal Confirmed by Sources,FAKE,"figure,nature,since,poor.,short,time,officer,along,join,detail,bit,education.,poor,affect,particularly,model,budget,would.,—,shocking,claims,celebrity,scandal,surface,internet."
R112,New Report on Economic Growth,REAL,"level,short,experience,compare,popular,song.,hundred,reason,hold,step.,toward,science,still,cut,society.,experts,discuss,ongoing,developments,economic,growth."
F218,Government Cover-Up Confirmed by Sources,FAKE,"need,realize,player,clearly,figure.,west,choose,present,right,nothing,future,together.,third,imagine,leave,section,property,several.,—,shocking,claims,government,cover-up,surface,internet."
R187,New Report on Education,REAL,"citizen,experience,need,easy.,family,buy,call,not.,cup,concern,worry,generation,news,sense,analysis.,experts,discuss,ongoing,developments,education."
F087,Celebrity Scandal Confirmed by Sources,FAKE,"red,establish,quality,quite.,development,sing,control,kitchen,goal,civil.,late,central,financial,ever,scene,career.,—,shocking,claims,celebrity,scandal,surface,internet."
R171,New Report on Education,REAL,"remain,build,throughout.,test,door,machine,technology.,experts,discuss,ongoing,developments,education."
R113,New Report on Technology Breakthrough,REAL,"others,single,near,suddenly,approach,value,mrs,television.,present,radio,piece,impact.,stand,type,important,require,draw,within,major.,us,share,wait.,experts,discuss,ongoing,developments,technology,breakthrough."
R222,New Report on Public Health,REAL,"hear,though,within,shake.,free,style,keep,despite,wonder,value,finish.,body,work,vote,republican,say,during.,experts,discuss,ongoing,developments,public,health."
F233,Secret Cure Confirmed by Sources,FAKE,"part,certainly,particularly,section,actually,stock,later.,office,might,order,assume,part,control.,simple,card,social,information,floor,forward,system.,moment,charge,building,provide,seat.,—,shocking,claims,secret,cure,surface,internet."
R223,New Report on Climate Change,REAL,"word,seek,seat,character.,water,agree,page,play,customer,here.,analysis,front,service,floor,college,office.,experts,discuss,ongoing,developments,climate,change."
F224,Secret Cure Confirmed by Sources,FAKE,"court,total,capital,view,pressure,avoid.,step,interesting,black,five.,force,laugh,family,free,support.,—,shocking,claims,secret,cure,surface,internet."
R181,New Report on Climate Change,REAL,"charge,save,trade.,deep,station,organization.,experts,discuss,ongoing,developments,climate,change."
R056,New Report on Public Health,REAL,"unit,class,sort,since.,view,one,cup,worker,mr,word,machine.,threat,real,long,benefit.,protect,officer,stock,election.,experts,discuss,ongoing,developments,public,health."
R110,New Report on Education,REAL,"partner,vote,fire,project,easy,sense.,approach,box,attack,body,way,test,prevent,office.,experts,discuss,ongoing,developments,education."
R219,New Report on Education,REAL,"listen,stock,new,foreign,article,consider,southern.,sort,need,get,street.,sense,respond,project,value,senior.,forget,series,know,family,second,month.,experts,discuss,ongoing,developments,education."
R224,New Report on Education,REAL,"order,key,among,environmental,never,image.,let,hospital,course,day.,experts,discuss,ongoing,developments,education."
F178,Immortal Jellyfish Confirmed by Sources,FAKE,"town,bed,free,hit,entire,always.,brother,measure,material.,reflect,stage,pass,conference,out.,—,shocking,claims,immortal,jellyfish,surface,internet."
F074,Secret Cure Confirmed by Sources,FAKE,"young,others,one,culture,also,particularly,protect,unit.,room,simply,relationship,hear,several,career,owner.,—,shocking,claims,secret,cure,surface,internet."
R034,New Report on Budget Report,REAL,"since,sister,serve,fall,fear.,describe,certainly,available.,general,yet,test,work,speech,task.,experts,discuss,ongoing,developments,budget,report."
R095,New Report on Policy,REAL,"push,young,describe,with.,body,personal,still,method,million.,control,visit,themselves.,experts,discuss,ongoing,developments,policy."
F011,Aliens Confirmed by Sources,FAKE,"new,product,hear.,front,statement,within.,serious,international,money.,—,shocking,claims,aliens,surface,internet."
R162,New Report on Policy,REAL,"rather,want,world,fight.,third,owner,image,foot.,experts,discuss,ongoing,developments,policy."
R218,New Report on Election,REAL,"one,reason,we.,party,computer,week,school,land.,public,meet,unit,two,test,behind,foreign.,experts,discuss,ongoing,developments,election."
F136,Miracle Drug Confirmed by Sources,FAKE,"word,save,together,threat,test,safe.,baby,within,occur,seat,whatever,discussion,activity.,—,shocking,claims,miracle,drug,surface,internet."
R108,New Report on Economic Growth,REAL,"home,visit,war,summer,responsibility,interesting,score.,national,mean,debate,box,fear.,use,attorney,present,wide,middle.,experts,discuss,ongoing,developments,economic,growth."
R186,New Report on Research,REAL,"decision,enough,center,west,result,beautiful.,professor,population,personal,benefit,maintain,seem,discussion,no.,experts,discuss,ongoing,developments,research."
R248,New Report on Technology Breakthrough,REAL,"participant,increase,option,every.,eye,fall,watch,simple,grow,newspaper,certainly.,mrs,tree,performance,idea,up.,experts,discuss,ongoing,developments,technology,breakthrough."
F045,Immortal Jellyfish Confirmed by Sources,FAKE,"break,mother,usually,card.,federal,later,choice,commercial,fine,community.,—,shocking,claims,immortal,jellyfish,surface,internet."
F092,Secret Cure Confirmed by Sources,FAKE,"thought,major,center,civil,task,responsibility,discover.,country,dog.,final,newspaper,begin.,—,shocking,claims,secret,cure,surface,internet."
R100,New Report on Technology Breakthrough,REAL,"ago,letter,beautiful,seek,like.,choice,important,peace,investment.,experts,discuss,ongoing,developments,technology,breakthrough."
F075,Miracle Drug Confirmed by Sources,FAKE,"check,management,line,mean.,fall,design,win,check,available,even,spring.,company,day,read,total.,cold,need,site,yard,peace.,—,shocking,claims,miracle,drug,surface,internet."
R059,New Report on Technology Breakthrough,REAL,"whether,message,face,yet,capital,use,stay,factor.,mr,billion,alone,individual.,positive,wrong,difference,book,matter.,experts,discuss,ongoing,developments,technology,breakthrough."
F213,Hoax Confirmed by Sources,FAKE,"red,store,white,wonder,science,people.,financial,left,end,federal,process,call.,computer,us,thus,deep,nation,song,choose.,—,shocking,claims,hoax,surface,internet."
R233,New Report on Education,REAL,"class,speak,whatever,avoid,skin.,author,happy,simply,red,network,court.,experts,discuss,ongoing,developments,education."
F072,Mind Control Confirmed by Sources,FAKE,"rate,within,heart,account,left,guess,dream,sort.,think,half,standard,card,exactly,nothing.,section,seat,similar,person,story.,—,shocking,claims,mind,control,surface,internet."
R184,New Report on Budget Report,REAL,"nearly,change,every,lose,name,quite,maybe,summer.,foreign,item,land,four.,experts,discuss,ongoing,developments,budget,report."
F134,Secret Cure Confirmed by Sources,FAKE,"movement,order,within,give,fear,show.,ago,responsibility,exist,significant.,—,shocking,claims,secret,cure,surface,internet."
R096,New Report on Research,REAL,"serve,fine,edge,pick.,development,open,car,despite,represent,mean.,experts,discuss,ongoing,developments,research."
R020,New Report on Policy,REAL,"security,half,unit.,experts,discuss,ongoing,developments,policy."
R067,New Report on Policy,REAL,"prevent,admit,great,mrs,statement.,decade,stand,reveal,hear,movie,dinner,right,short.,teacher,forward,remember,mean,begin,wrong.,experts,discuss,ongoing,developments,policy."
R215,New Report on Education,REAL,"recognize,although,every,official.,simply,safe,possible,deep,month,image.,able,share,big,dinner,leader.,experts,discuss,ongoing,developments,education."
R127,New Report on Policy,REAL,"real,affect,strong,bed,four,hair.,trouble,reveal,great,relationship,reason.,light,mrs,stage,back,imagine,wind,chair.,experts,discuss,ongoing,developments,policy."
R235,New Report on Technology Breakthrough,REAL,"language,create,board,fish,behavior.,benefit,safe,often,fund,debate.,experts,discuss,ongoing,developments,technology,breakthrough."
R163,New Report on Climate Change,REAL,"exactly,prepare,take,number,side.,experts,discuss,ongoing,developments,climate,change."
R002,New Report on Education,REAL,"hair,law,structure,land,citizen.,wear,support,lose,light,soldier,side.,relationship,tonight,try,image,property,nothing,his.,experts,discuss,ongoing,developments,education."
R021,New Report on Education,REAL,"concern,market,rich,heavy,discover,concern.,thought,thus,know,benefit,must,mr.,system,kid,article,trade,reach,item,know.,experts,discuss,ongoing,developments,education."
R013,New Report on Technology Breakthrough,REAL,"building,base,beat.,evening,toward,ever,way,white,while.,experts,discuss,ongoing,developments,technology,breakthrough."
F195,Flat Earth Confirmed by Sources,FAKE,"officer,purpose,explain,animal.,figure,hotel,kid,manage.,—,shocking,claims,flat,earth,surface,internet."
R101,New Report on Research,REAL,"democrat,glass,finish,rate,another,mention,ahead.,experts,discuss,ongoing,developments,research."
R055,New Report on Research,REAL,"choose,lead,others,general,writer,investment,side,common.,street,professional,trouble.,charge,none,nothing,imagine.,experts,discuss,ongoing,developments,research."
F190,Secret Cure Confirmed by Sources,FAKE,"third,radio,star,scientist,travel.,american,head,sea,shoulder,ability,be.,experience,might,cell,fly,true.,—,shocking,claims,secret,cure,surface,internet."
R004,New Report on Education,REAL,"season,past,production,president,particularly,figure.,yeah,six,direction,debate.,experts,discuss,ongoing,developments,education."
F080,Celebrity Scandal Confirmed by Sources,FAKE,"deep,interview,figure,although.,marriage,investment,marriage,similar,continue,create.,science,capital,five,information,political,ground.,—,shocking,claims,celebrity,scandal,surface,internet."
F049,Hoax Confirmed by Sources,FAKE,"thought,everyone,rate,factor,course.,standard,point,travel,several,left.,foot,many,cold,agent,garden.,—,shocking,claims,hoax,surface,internet."
F184,Secret Cure Confirmed by Sources,FAKE,"buy,brother,stuff,conference,edge.,everybody,ago,gun,machine,beat,could.,forward,garden,here.,according,clear,large.,—,shocking,claims,secret,cure,surface,internet."
F030,Secret Cure Confirmed by Sources,FAKE,"voice,wife,expect,stuff.,identify,region,against.,condition,never,grow,bit,need,thus.,—,shocking,claims,secret,cure,surface,internet."
R213,New Report on Budget Report,REAL,"manage,price.,evening,health,raise,world,board,find,effect.,experts,discuss,ongoing,developments,budget,report."
F128,Immortal Jellyfish Confirmed by Sources,FAKE,"letter,later,material,number.,science,fund,hair,quickly,interview,into.,reflect,feeling,follow,recently,article,show.,—,shocking,claims,immortal,jellyfish,surface,internet."
R231,New Report on Policy,REAL,"account,ask,local,standard,sit,thought,yourself.,try,leave,door,skin,campaign.,election,none,meet,order,chance,force,fast.,experts,discuss,ongoing,developments,policy."
R061,New Report on Technology Breakthrough,REAL,"send,action,try.,include,wife,activity,produce,style.,experts,discuss,ongoing,developments,technology,breakthrough."
R137,New Report on Education,REAL,"billion,information,participant,behind,politics.,chair,foreign,attorney,city,physical,television,where.,window,cold,particularly,somebody.,experts,discuss,ongoing,developments,education."
R185,New Report on Technology Breakthrough,REAL,"business,market,change,common,site,myself.,institution,industry,yet,color,investment.,experts,discuss,ongoing,developments,technology,breakthrough."
R204,New Report on Technology Breakthrough,REAL,"big,deep,middle,six,garden,city,door.,machine,thought,century,not.,experts,discuss,ongoing,developments,technology,breakthrough."
F217,Immortal Jellyfish Confirmed by Sources,FAKE,"around,southern,probably,necessary.,—,shocking,claims,immortal,jellyfish,surface,internet."
F176,Miracle Drug Confirmed by Sources,FAKE,"environment,size,action,dark.,purpose,democratic,available,argue,hotel,energy,after.,pick,us,capital,large,system.,—,shocking,claims,miracle,drug,surface,internet."
R245,New Report on Technology Breakthrough,REAL,"financial,worry,author.,experience,catch,world,clear.,experts,discuss,ongoing,developments,technology,breakthrough."
R104,New Report on Election,REAL,"interview,avoid,stuff,yeah.,word,since,recognize,subject.,stock.,experts,discuss,ongoing,developments,election."
F156,Flat Earth Confirmed by Sources,FAKE,"spend,design,surface,particular.,education,across,follow,him.,—,shocking,claims,flat,earth,surface,internet."
R194,New Report on Election,REAL,"early,whether.,thousand,line,five,buy.,picture,continue,buy,message,decade.,experts,discuss,ongoing,developments,election."
R161,New Report on Technology Breakthrough,REAL,"painting,different,manager,popular,trial,from.,every,interview,number,record,enough,interest,fire.,significant,account,drive,entire,necessary,resource.,experts,discuss,ongoing,developments,technology,breakthrough."
F113,Immortal Jellyfish Confirmed by Sources,FAKE,"special,notice,hit,theory.,—,shocking,claims,immortal,jellyfish,surface,internet."
F150,Hoax Confirmed by Sources,FAKE,"economic,activity,past,trial,benefit.,eye,public,seven,choice,five.,—,shocking,claims,hoax,surface,internet."
F047,Miracle Drug Confirmed by Sources,FAKE,"similar,fact,tv,attack,alone,crime.,meet,build,board,important,none,southern,air.,six,sister,shake,arm.,picture,item,record,church.,—,shocking,claims,miracle,drug,surface,internet."
F008,Hoax Confirmed by Sources,FAKE,"often,lose,high,traditional,pressure,city.,window,top,official,weight,whole,necessary,interest.,—,shocking,claims,hoax,surface,internet."
F229,Aliens Confirmed by Sources,FAKE,"party,hundred,less.,worry,feel,mention,nice.,follow,nearly,available,significant.,—,shocking,claims,aliens,surface,internet."
R001,New Report on Research,REAL,"hair,three,clear,base.,still,imagine,entire,wear,take,resource,middle.,way,part,budget,onto.,experts,discuss,ongoing,developments,research."
R241,New Report on Public Health,REAL,"capital,month,star,none,hair,pattern.,upon,teach,eight.,last,name,city.,experts,discuss,ongoing,developments,public,health."
R198,New Report on Climate Change,REAL,"low,must,business,throughout,player,successful,economy,movie.,pick,spring,budget,likely,kind,approach,machine.,change,somebody,various,account.,experts,discuss,ongoing,developments,climate,change."
R229,New Report on Research,REAL,"health,experience,generation,main,lay.,language,bank,imagine,local,hit.,question,body,account.,experts,discuss,ongoing,developments,research."
R205,New Report on Public Health,REAL,"travel,reality,table,work,pattern,arm.,apply,hope,accept.,apply,knowledge,tonight,leg,music,tree,authority.,experts,discuss,ongoing,developments,public,health."
F123,Celebrity Scandal Confirmed by Sources,FAKE,"run,final,term,manage,rich,hotel,check,community.,painting,share,hand,member,store,fine,fight.,—,shocking,claims,celebrity,scandal,surface,internet."
F043,Celebrity Scandal Confirmed by Sources,FAKE,"practice,message,back,some.,—,shocking,claims,celebrity,scandal,surface,internet."
F097,Celebrity Scandal Confirmed by Sources,FAKE,"president,explain,decade,cold,owner,space,style,up.,opportunity,away,personal,example.,—,shocking,claims,celebrity,scandal,surface,internet."
R014,New Report on Research,REAL,"account,agency,room,story.,simply,maybe,soldier,enough.,sense,claim,wrong,writer,direction,rich,can.,experts,discuss,ongoing,developments,research."
F005,Flat Earth Confirmed by Sources,FAKE,"guy,ground,behavior,finish,man,operation,not.,money,weight,what.,resource,foot,response,case,language.,—,shocking,claims,flat,earth,surface,internet."
R234,New Report on Research,REAL,"use,pick,carry.,two,town,bar,instead.,experts,discuss,ongoing,developments,research."
F143,Aliens Confirmed by Sources,FAKE,"leg,officer,bill,discuss,score,student.,interesting,watch,center,carry,democrat,american.,standard,character,fill,minute,apply.,—,shocking,claims,aliens,surface,internet."
R073,New Report on Economic Growth,REAL,"certain,show,add,believe.,middle,tax,team,friend.,debate,sea,personal,beat,sign.,building,including,value,read.,experts,discuss,ongoing,developments,economic,growth."
R239,New Report on Education,REAL,"visit,often,best,subject,important,east.,let,similar,tend.,wife,hundred,significant,letter,old,paper.,experts,discuss,ongoing,developments,education."
F181,Aliens Confirmed by Sources,FAKE,"section,energy,party,like,individual,show,agree,worker.,student,threat,test,first,resource,still,or.,cover,election,american,close.,bill,group,prove,foreign.,—,shocking,claims,aliens,surface,internet."
R138,New Report on Election,REAL,"big,law,prevent,section,camera,produce,wife.,treatment,power,think,deal,teacher.,contain,son,eight,difference,thank,today,join.,experts,discuss,ongoing,developments,election."
R172,New Report on Economic Growth,REAL,"security,space,laugh.,brother,remain,region,visit,evening,kitchen,television.,leave,knowledge,way.,experts,discuss,ongoing,developments,economic,growth."
R143,New Report on Policy,REAL,"eat,sit,near,today,lose.,quality,foreign,crime,town,democrat,choose.,experts,discuss,ongoing,developments,policy."
F166,Mind Control Confirmed by Sources,FAKE,"general,positive,future,conference.,feel,role,side,look,size,television,article.,school,staff,employee.,—,shocking,claims,mind,control,surface,internet."
R003,New Report on Budget Report,REAL,"fill,center,record,lot,available,partner.,others,ok,research,article,present,value,determine.,perhaps,country,finally,road.,experts,discuss,ongoing,developments,budget,report."
R167,New Report on Climate Change,REAL,"management,ok,hand,may,become,often,tonight,dinner.,coach,high,marriage,operation,food,dog,important.,quickly,service,right,rest,policy,four.,experts,discuss,ongoing,developments,climate,change."
R183,New Report on Climate Change,REAL,"bag,top,allow,difference,civil.,seven,white,view,support,strategy,no.,matter,ready,manage,case,deal,necessary.,experts,discuss,ongoing,developments,climate,change."
R238,New Report on Technology Breakthrough,REAL,"yet,adult,face,let,approach,attack.,experts,discuss,ongoing,developments,technology,breakthrough."
R041,New Report on Election,REAL,"bag,foreign,conference.,anyone,animal,cause,indicate,soldier,become,if.,experts,discuss,ongoing,developments,election."
F237,Government Cover-Up Confirmed by Sources,FAKE,"world,wrong,strong,almost.,cultural,interest,join,season,arm,ago.,affect,clear,language,small,society,according.,—,shocking,claims,government,cover-up,surface,internet."
R086,New Report on Research,REAL,"effort,image,mr,door,degree,half.,high,east,offer,yet.,experts,discuss,ongoing,developments,research."
R240,New Report on Policy,REAL,"choose,player,member.,fund,pick,tell,couple.,fast,pattern,continue,bank,my.,experts,discuss,ongoing,developments,policy."
R133,New Report on Public Health,REAL,"perhaps,view,million,pressure,player,picture.,someone,civil,research,travel,hold,answer,reflect,certain.,camera,surface,summer,attention.,experts,discuss,ongoing,developments,public,health."
F044,Hoax Confirmed by Sources,FAKE,"audience,many,mind,difficult,daughter,pressure,develop,late.,since,force,born,friend,write,girl,course,increase.,compare,shake,stock,simply.,—,shocking,claims,hoax,surface,internet."
F125,Government Cover-Up Confirmed by Sources,FAKE,"cell,suddenly,ground,region,response.,begin,prove,camera,people.,prevent,suffer,try,later,gas.,edge,shake,eye,camera,positive,employee.,—,shocking,claims,government,cover-up,surface,internet."
F165,Secret Cure Confirmed by Sources,FAKE,"support,today,end,situation.,wrong,blue,week,increase,people.,soldier,important,model,receive,nearly,white.,often,remember,product,attorney,foot.,—,shocking,claims,secret,cure,surface,internet."
F137,Flat Earth Confirmed by Sources,FAKE,"car,technology,still,middle,successful.,moment,want,even,voice,consider.,expert,drop,exist.,—,shocking,claims,flat,earth,surface,internet."
R088,New Report on Research,REAL,"computer,republican,director.,animal,professional,apply,avoid,record,school,bank.,seven,heart,sound,yes,be.,experts,discuss,ongoing,developments,research."
R169,New Report on Technology Breakthrough,REAL,"military,discussion,worker.,age,camera,seven,big.,number,record,difficult,store.,experts,discuss,ongoing,developments,technology,breakthrough."
R193,New Report on Technology Breakthrough,REAL,"leave,many,research,couple,type.,subject,along,hard,tv,agency,west,magazine.,experts,discuss,ongoing,developments,technology,breakthrough."
F247,Mind Control Confirmed by Sources,FAKE,"around,land,guess,remember,american.,—,shocking,claims,mind,control,surface,internet."
R179,New Report on Technology Breakthrough,REAL,"wall,miss,simply,day,mention,reveal,fund.,player,alone.,experts,discuss,ongoing,developments,technology,breakthrough."
F138,Immortal Jellyfish Confirmed by Sources,FAKE,"thing,medical,difficult,simply.,player,cup.,eat,international,choose,cause,hotel,think,marriage.,—,shocking,claims,immortal,jellyfish,surface,internet."
R017,New Report on Policy,REAL,"common,total,national,hear,artist,woman,this.,new,cost,indicate,size,tough,believe.,consumer,program,performance.,experts,discuss,ongoing,developments,policy."
F090,Mind Control Confirmed by Sources,FAKE,"pm,short,project.,sister,garden,old.,serious,wear,cause,last,begin.,—,shocking,claims,mind,control,surface,internet."
F222,Mind Control Confirmed by Sources,FAKE,"thus,pull,interview,subject,reality,daughter,charge,upon.,today,yes,past.,realize,make,foreign,degree,window.,—,shocking,claims,mind,control,surface,internet."
R114,New Report on Climate Change,REAL,"give,letter,serious.,prepare,rise,without,light,thing.,experts,discuss,ongoing,developments,climate,change."
F235,Celebrity Scandal Confirmed by Sources,FAKE,"soldier,thought,white,add,return.,democratic,check,drug,section,industry,newspaper,year,reason.,upon,discussion,game,tree,we.,—,shocking,claims,celebrity,scandal,surface,internet."
F185,Hoax Confirmed by Sources,FAKE,"station,open,lay,late,home.,rather,never,test,tree.,—,shocking,claims,hoax,surface,internet."
F221,Flat Earth Confirmed by Sources,FAKE,"beyond,citizen,finish,eight,own.,responsibility,body,manage,information,ground.,front,follow,forward,clearly.,—,shocking,claims,flat,earth,surface,internet."
F054,Secret Cure Confirmed by Sources,FAKE,"poor,environment,look,former,conference,write.,magazine,job,short,material,describe.,sound,west,stop,drop,especially,property.,—,shocking,claims,secret,cure,surface,internet."
R000,New Report on Public Health,REAL,"throw,little,throughout,first.,kid,open,somebody,receive,sell,let.,civil,force,establish,world,wonder,program.,experts,discuss,ongoing,developments,public,health."
R178,New Report on Budget Report,REAL,"movie,act,suddenly,sound,certainly,surface,despite,a.,prevent,close,morning,perhaps,network.,soldier,upon,thank,part,fall.,experts,discuss,ongoing,developments,budget,report."
F006,Hoax Confirmed by Sources,FAKE,"today,think,value,floor,former.,respond,someone,eight,image,energy.,—,shocking,claims,hoax,surface,internet."
F174,Secret Cure Confirmed by Sources,FAKE,"newspaper,poor,anything,performance,improve.,news,entire,paper,owner,reflect,friend,bank.,—,shocking,claims,secret,cure,surface,internet."
R009,New Report on Election,REAL,"edge,director,bad.,american,wonder,then.,experts,discuss,ongoing,developments,election."
R122,New Report on Economic Growth,REAL,"account,help,wife,pm,shoulder,factor.,good,kitchen,national.,according,seat,risk,woman,particularly,upon.,time,fight,reveal,surface,black,their.,experts,discuss,ongoing,developments,economic,growth."
F189,Immortal Jellyfish Confirmed by Sources,FAKE,"listen,capital,style,benefit,approach,lot.,resource,order,guess.,—,shocking,claims,immortal,jellyfish,surface,internet."
R146,New Report on Technology Breakthrough,REAL,"mr,positive,around,dark.,person,hear,condition,speech,goal.,experts,discuss,ongoing,developments,technology,breakthrough."
R022,New Report on Climate Change,REAL,"site,however,beyond,behavior,car,successful,soon.,least,market,draw,able,test,spring,best,population.,population,quite,daughter,smile,music,television,environment,world.,experts,discuss,ongoing,developments,climate,change."
F177,Aliens Confirmed by Sources,FAKE,"hospital,water,outside,hour.,—,shocking,claims,aliens,surface,internet."
F021,Secret Cure Confirmed by Sources,FAKE,"forget,always,hope,skill,human,vote,eight.,page,member,place,safe,even,sea,morning.,—,shocking,claims,secret,cure,surface,internet."
R039,New Report on Economic Growth,REAL,"enter,policy,door,beat,lawyer,power,space.,education,half,push.,experts,discuss,ongoing,developments,economic,growth."
F061,Miracle Drug Confirmed by Sources,FAKE,"next,democrat,tell,view,small,eat.,wrong,professor,create,responsibility,relate,professor.,—,shocking,claims,miracle,drug,surface,internet."
R057,New Report on Technology Breakthrough,REAL,"ability,eat,southern,find,present,remember,capital.,human,voice,indeed.,experts,discuss,ongoing,developments,technology,breakthrough."
F154,Immortal Jellyfish Confirmed by Sources,FAKE,"eye,thousand,possible,name,head.,pattern,morning,tough,national.,box,nation,move.,—,shocking,claims,immortal,jellyfish,surface,internet."
F052,Mind Control Confirmed by Sources,FAKE,"consumer,station,new,scene,end,determine.,tv,ground,receive,image,property,detail,reality.,—,shocking,claims,mind,control,surface,internet."
F124,Flat Earth Confirmed by Sources,FAKE,"knowledge,feeling,community,price,house.,cover,factor,someone.,red,business,deal,daughter,serve.,—,shocking,claims,flat,earth,surface,internet."
R071,New Report on Budget Report,REAL,"none,final,ground,in.,policy,beat,present,entire,term,least.,exactly,land,young,water,everyone,likely.,experts,discuss,ongoing,developments,budget,report."
R152,New Report on Budget Report,REAL,"member,available,major.,memory,however,four,know,add,attorney,may.,dream,soon,consumer,example,defense,two,executive.,experts,discuss,ongoing,developments,budget,report."
F038,Mind Control Confirmed by Sources,FAKE,"technology,successful,focus,world,ask.,reflect,people,seven,director.,local,modern,choose,anyone,spend.,—,shocking,claims,mind,control,surface,internet."
F101,Immortal Jellyfish Confirmed by Sources,FAKE,"response,social,eat,behavior,care,myself.,short,century,assume,land,difference,part.,—,shocking,claims,immortal,jellyfish,surface,internet."
F203,Celebrity Scandal Confirmed by Sources,FAKE,"camera,quite,world,if.,—,shocking,claims,celebrity,scandal,surface,internet."
F192,Government Cover-Up Confirmed by Sources,FAKE,"across,statement,hit,note,television,type.,—,shocking,claims,government,cover-up,surface,internet."
R189,New Report on Climate Change,REAL,"lead,phone,brother.,couple,admit,south,maybe,there.,clearly,set,body.,experts,discuss,ongoing,developments,climate,change."
R098,New Report on Election,REAL,"book,stock,maybe,price,anything,soon.,really,scientist,peace,upon,situation.,around,case,information,face,low.,experts,discuss,ongoing,developments,election."
R149,New Report on Economic Growth,REAL,"well,movement,interest.,list,feeling,security,weight,series,agreement.,impact,easy.,experts,discuss,ongoing,developments,economic,growth."
R046,New Report on Education,REAL,"natural,point,study,car.,republican,leader,article,along,sense.,someone,throw,may,fear,throw,view,single.,experts,discuss,ongoing,developments,education."
F055,Hoax Confirmed by Sources,FAKE,"probably,group,north,party,peace.,movie,change,central,entire,threat.,wall,anything,sound,future.,—,shocking,claims,hoax,surface,internet."
F159,Flat Earth Confirmed by Sources,FAKE,"successful,modern,visit,century,production,natural,again.,contain,many,visit,five,trade,ever.,—,shocking,claims,flat,earth,surface,internet."
F083,Secret Cure Confirmed by Sources,FAKE,"seek,morning,choose,financial,bring.,effort,management.,—,shocking,claims,secret,cure,surface,internet."
R109,New Report on Education,REAL,"hospital,effect,past,doctor,off.,pay,never,huge,necessary.,war,executive,view,want,energy,level,travel.,experts,discuss,ongoing,developments,education."
R102,New Report on Climate Change,REAL,"term,suddenly,represent,tonight,word.,arrive,worker,model,behavior,remain,cup.,center,south,account,media,score,act.,experts,discuss,ongoing,developments,climate,change."
R060,New Report on Election,REAL,"significant,big,call,ten,picture,decade,trial.,experts,discuss,ongoing,developments,election."
F085,Secret Cure Confirmed by Sources,FAKE,"wind,hundred,oil,go.,interest,maintain,personal,clear,century.,—,shocking,claims,secret,cure,surface,internet."
F188,Hoax Confirmed by Sources,FAKE,"improve,issue,people,much.,serious,general,week,project,manager,all.,brother,miss,research,especially,shake,step.,—,shocking,claims,hoax,surface,internet."
F131,Hoax Confirmed by Sources,FAKE,"explain,six,without,require,write,employee,usually.,project,actually,significant,today,important.,although,pm,dark,evening.,—,shocking,claims,hoax,surface,internet."
R202,New Report on Public Health,REAL,"different,prepare,allow,risk.,form,trouble,view,cup,chair,physical,give.,experts,discuss,ongoing,developments,public,health."
F111,Celebrity Scandal Confirmed by Sources,FAKE,"store,career,five.,crime,discuss,wonder,perform,challenge,that.,represent,authority,particular,town,pm.,—,shocking,claims,celebrity,scandal,surface,internet."
R151,New Report on Policy,REAL,"ago,often,prove.,single,middle,meeting,official,modern,everything,some.,experts,discuss,ongoing,developments,policy."
F058,Government Cover-Up Confirmed by Sources,FAKE,"operation,rise,difference,game,movement,seem.,production,half,two,phone,amount,former,like.,son,exactly,two.,wait,look,live,great,consumer.,—,shocking,claims,government,cover-up,surface,internet."
R164,New Report on Education,REAL,"trip,know,response,modern,court,difficult.,team,degree,certainly,current,four.,system,mouth,artist.,experts,discuss,ongoing,developments,education."
F242,Celebrity Scandal Confirmed by Sources,FAKE,"put,apply,charge,money,lose.,sing,also,financial,play,idea,actually,skin.,—,shocking,claims,celebrity,scandal,surface,internet."
F064,Mind Control Confirmed by Sources,FAKE,"staff,guy,most.,water,result,model,wonder.,—,shocking,claims,mind,control,surface,internet."
R228,New Report on Education,REAL,"policy,history,think,among,movie,mr,situation,catch.,either,tv,single,almost.,experts,discuss,ongoing,developments,education."
R210,New Report on Economic Growth,REAL,"sister,attention,develop,huge,person.,wife,one,magazine,detail,significant,check,nearly.,town,lawyer,night,everything,develop,know.,experts,discuss,ongoing,developments,economic,growth."
R156,New Report on Policy,REAL,"offer,program,past.,painting,common,raise,cover,though,fly.,player,act,animal,how.,pattern,morning,involve,player,water,ten.,experts,discuss,ongoing,developments,policy."
R192,New Report on Climate Change,REAL,"exactly,upon,receive,organization,again.,bed,finally,face,ground,clearly,might,themselves.,material,newspaper,religious.,experts,discuss,ongoing,developments,climate,change."
F102,Government Cover-Up Confirmed by Sources,FAKE,"including,alone,stay,process,per.,crime.,development,perhaps,international,exactly,memory,message,system.,—,shocking,claims,government,cover-up,surface,internet."
R237,New Report on Election,REAL,"reach,old,decade.,experts,discuss,ongoing,developments,election."
F015,Immortal Jellyfish Confirmed by Sources,FAKE,"rule,size,choose,price,recognize.,miss,education,speech,past.,southern,half,scene,majority,memory,prepare.,—,shocking,claims,immortal,jellyfish,surface,internet."
F020,Celebrity Scandal Confirmed by Sources,FAKE,"arrive,produce,wait.,decide,standard,magazine,serious.,bad,brother,form,challenge.,—,shocking,claims,celebrity,scandal,surface,internet."
R083,New Report on Election,REAL,"use,else,safe,others,move,certainly.,price,value,physical,guess,food.,experts,discuss,ongoing,developments,election."
F035,Hoax Confirmed by Sources,FAKE,"edge,couple,best,entire,entire,task,you.,mr,discussion,crime,important.,hope,color,worry,drug,end.,—,shocking,claims,hoax,surface,internet."
R082,New Report on Budget Report,REAL,"specific,many,blue,myself.,world,everything,list,director,store,young.,experts,discuss,ongoing,developments,budget,report."
F114,Mind Control Confirmed by Sources,FAKE,"coach,head,point,wrong.,list,however,stay,technology,visit,indeed.,—,shocking,claims,mind,control,surface,internet."
F179,Secret Cure Confirmed by Sources,FAKE,"still,hit,bank,get,pattern,interest.,like,individual,certain,base,and.,—,shocking,claims,secret,cure,surface,internet."
F026,Celebrity Scandal Confirmed by Sources,FAKE,"amount,child,adult,listen,economy.,—,shocking,claims,celebrity,scandal,surface,internet."
R217,New Report on Election,REAL,"show,music,trip,agree,street.,need,adult,soon,unit.,evidence,point,along,develop,collection,country,agency,ok.,experts,discuss,ongoing,developments,election."
F009,Celebrity Scandal Confirmed by Sources,FAKE,"civil,customer,response,put,point,ask,data,message.,information,common,company,yard,reality,wide,response,staff.,firm,year,together,pretty,quite,ago.,—,shocking,claims,celebrity,scandal,surface,internet."
F240,Aliens Confirmed by Sources,FAKE,"road,house,state,it.,name,table,man,possible,image,sing,standard,safe.,summer,within,light,morning.,—,shocking,claims,aliens,surface,internet."
R216,New Report on Research,REAL,"laugh,past,dog,born,rich.,strategy,admit,pm,consider,enjoy.,church,cover,anything,always,toward,stage.,experts,discuss,ongoing,developments,research."
F129,Flat Earth Confirmed by Sources,FAKE,"suddenly,already,company,vote,affect.,face,authority,lot,suggest.,pressure,size,top,send,customer.,—,shocking,claims,flat,earth,surface,internet."
R197,New Report on Education,REAL,"serious,rest,with.,expert,likely,free,growth,quite,production.,effect,challenge,eye,medical.,experts,discuss,ongoing,developments,education."
F142,Government Cover-Up Confirmed by Sources,FAKE,"pretty,information,writer,instead.,—,shocking,claims,government,cover-up,surface,internet."
R140,New Report on Climate Change,REAL,"reveal,whole,community,prepare,environment.,experts,discuss,ongoing,developments,climate,change."
R165,New Report on Budget Report,REAL,"government,central,money,production,blue.,soldier,fire,pull,work,heart,laugh.,experts,discuss,ongoing,developments,budget,report."
R139,New Report on Education,REAL,"effort,author,ready.,pattern,value,realize,capital.,dinner,boy,camera,enjoy,attention,difference,about.,seem,care,without,sea,involve,should.,experts,discuss,ongoing,developments,education."
F232,Hoax Confirmed by Sources,FAKE,"evening,age,drive,exactly,sometimes,believe,much.,offer,generation,live,nice.,—,shocking,claims,hoax,surface,internet."
F108,Celebrity Scandal Confirmed by Sources,FAKE,"act,relationship,energy,run,development.,religious,apply,plan,draw.,—,shocking,claims,celebrity,scandal,surface,internet."
F167,Celebrity Scandal Confirmed by Sources,FAKE,"teach,talk,subject,deep.,film,hit,try,push.,understand,staff,across.,—,shocking,claims,celebrity,scandal,surface,internet."
R242,New Report on Research,REAL,"yard,box,fish,attack.,interesting,piece,off.,change,pattern,affect,fast,grow.,experts,discuss,ongoing,developments,research."
F133,Immortal Jellyfish Confirmed by Sources,FAKE,"human,bar,single,sea,early.,training,develop,particular,open,mr,hard.,—,shocking,claims,immortal,jellyfish,surface,internet."
F025,Flat Earth Confirmed by Sources,FAKE,"commercial,agency,social,expect.,toward,threat,management,including.,—,shocking,claims,flat,earth,surface,internet."
F093,Immortal Jellyfish Confirmed by Sources,FAKE,"soon,compare,local,effort.,increase,want,design,summer,believe.,peace,process,keep.,—,shocking,claims,immortal,jellyfish,surface,internet."
F236,Government Cover-Up Confirmed by Sources,FAKE,"door,rest,admit.,imagine,film,full,environment.,—,shocking,claims,government,cover-up,surface,internet."
F069,Flat Earth Confirmed by Sources,FAKE,"wind,world,public,individual,catch,tell.,film,let,congress,mean,reveal,mouth.,—,shocking,claims,flat,earth,surface,internet."
F219,Flat Earth Confirmed by Sources,FAKE,"end,surface,agree,way.,—,shocking,claims,flat,earth,surface,internet."
R079,New Report on Election,REAL,"congress,every,financial,hour,might,artist,skin,about.,campaign,worry,small,early,opportunity,discuss,act.,consider,gas,small,sense,place,assume.,experts,discuss,ongoing,developments,election."
F042,Hoax Confirmed by Sources,FAKE,"chair,growth,culture,firm,wall,seem.,message,garden,director,wear,detail,various,threat.,possible,section,reason,town,another.,night,artist,production,home,pass.,—,shocking,claims,hoax,surface,internet."
R154,New Report on Budget Report,REAL,"per,option,place,them.,series,compare.,skin,piece,pretty.,experts,discuss,ongoing,developments,budget,report."
R089,New Report on Public Health,REAL,"million,manage,buy,sound,happen,whose.,increase,maintain,realize,through.,security,yes,woman,approach,year,such.,experts,discuss,ongoing,developments,public,health."
R038,New Report on Public Health,REAL,"group,view,begin,win,imagine,beautiful.,like,boy,every,general,still.,politics,notice,go,nearly,whatever.,experts,discuss,ongoing,developments,public,health."
R053,New Report on Economic Growth,REAL,"tax,article,event,military,check,no.,tend,view,chance,green,political.,per,stop,eye,seat,total.,experts,discuss,ongoing,developments,economic,growth."
F201,Hoax Confirmed by Sources,FAKE,"list,cost,third,thus,in.,must,law,well.,arrive,get,treatment,seem,foreign.,—,shocking,claims,hoax,surface,internet."
F013,Secret Cure Confirmed by Sources,FAKE,"fly,traditional,million,whether.,news,store,everybody,improve,animal.,value,generation,southern,form,spring,individual.,—,shocking,claims,secret,cure,surface,internet."
R023,New Report on Policy,REAL,"laugh,list,nothing,audience,let.,approach,method,deep,own.,experts,discuss,ongoing,developments,policy."
R068,New Report on Technology Breakthrough,REAL,"style,fight,response,story,conference,participant,white,resource.,speak,go,system.,experts,discuss,ongoing,developments,technology,breakthrough."
F065,Hoax Confirmed by Sources,FAKE,"republican,management,understand,administration,window,cell,above.,usually,public,seek,day,indicate,hundred,determine,vote.,—,shocking,claims,hoax,surface,internet."
F239,Celebrity Scandal Confirmed by Sources,FAKE,"decade,daughter,also,nation,many.,authority,drug,class,piece,close.,still,difficult,skin,market,throw,congress,rock.,—,shocking,claims,celebrity,scandal,surface,internet."
F084,Miracle Drug Confirmed by Sources,FAKE,"ready,create,tell,eight,baby,police.,stuff,catch,modern,focus,fact.,—,shocking,claims,miracle,drug,surface,internet."
R120,New Report on Election,REAL,"enough,second,work,certain,small,rich.,guy,establish,activity,force,dark.,nearly,range,able,current,outside.,reason,act,require,exactly,high.,experts,discuss,ongoing,developments,election."
F207,Government Cover-Up Confirmed by Sources,FAKE,"significant,manager,adult.,hold,film,soldier,view,interview,most.,—,shocking,claims,government,cover-up,surface,internet."
R158,New Report on Economic Growth,REAL,"share,national,send,bed,name,team,political.,per,feel,foreign,audience,doctor,town.,experts,discuss,ongoing,developments,economic,growth."
R097,New Report on Technology Breakthrough,REAL,"grow,wall,ability,age,its.,even,specific,game,quite.,level,forget,bank,job,race,song.,experts,discuss,ongoing,developments,technology,breakthrough."
R092,New Report on Technology Breakthrough,REAL,"room,full,dark,eye,let,age,east.,site,according,think,along.,dog,one,tend,picture,my.,experts,discuss,ongoing,developments,technology,breakthrough."
F172,Hoax Confirmed by Sources,FAKE,"talk,sense,street,doctor,for.,talk,shoulder,authority,also,risk.,—,shocking,claims,hoax,surface,internet."
R182,New Report on Economic Growth,REAL,"least,military,action,often,nature,nature,great.,officer,game,boy.,always,wonder,federal,feel,international,her.,experts,discuss,ongoing,developments,economic,growth."
F014,Secret Cure Confirmed by Sources,FAKE,"challenge,close,behavior,couple,fly,artist,possible,color.,international,none,interesting,home.,—,shocking,claims,secret,cure,surface,internet."
R230,New Report on Election,REAL,"executive,democrat,stop,maybe,blue,turn.,government,hold,painting,customer,little,remain.,experts,discuss,ongoing,developments,election."
F223,Government Cover-Up Confirmed by Sources,FAKE,"hope,know,begin,economy,pretty,avoid.,believe,leader,cause,statement,fast,region.,space,report,follow,building,series,eight.,—,shocking,claims,government,cover-up,surface,internet."
R221,New Report on Policy,REAL,"already,notice,us.,discuss,example,building,body,drop,usually.,produce,talk,industry,american,run.,experts,discuss,ongoing,developments,policy."
R173,New Report on Climate Change,REAL,"fly,suddenly,maintain,quality.,leg,generation,arrive,night,something,feeling.,experts,discuss,ongoing,developments,climate,change."
F249,Immortal Jellyfish Confirmed by Sources,FAKE,"future,sense,campaign,throw.,future,consider,usually.,room,kind,gas.,—,shocking,claims,immortal,jellyfish,surface,internet."
F112,Government Cover-Up Confirmed by Sources,FAKE,"wide,class,address,southern,notice.,blood,ahead,debate,tax,through.,chair,number,southern,director,understand,speech,in.,machine,others,certain,game,fight.,—,shocking,claims,government,cover-up,surface,internet."
R058,New Report on Budget Report,REAL,"room,pattern,film,expert,beat,color.,clear,note,fly,car.,experts,discuss,ongoing,developments,budget,report."
R159,New Report on Economic Growth,REAL,"kitchen,arrive,mean,community.,big,move,happy,time,skin,as.,whether,address,per.,experts,discuss,ongoing,developments,economic,growth."
R029,New Report on Economic Growth,REAL,"smile,special,believe,hour.,focus,since,break,ready,section.,source,pattern,light.,experts,discuss,ongoing,developments,economic,growth."
R126,New Report on Research,REAL,"statement,put,prepare,social.,skill,claim,place,student,attorney,wife.,experts,discuss,ongoing,developments,research."
R132,New Report on Education,REAL,"cultural,measure,child,value.,create,citizen,recent.,experts,discuss,ongoing,developments,education."
R025,New Report on Election,REAL,"camera,less,purpose,line,ten.,recognize,effect,since,final,go.,thought,science,according,recent,hope.,statement,executive,claim,drug.,experts,discuss,ongoing,developments,election."
F214,Secret Cure Confirmed by Sources,FAKE,"international,environment,country,leader,item,husband,pretty.,—,shocking,claims,secret,cure,surface,internet."
R177,New Report on Policy,REAL,"thought,particularly,expert,area,present,positive.,determine,decision,newspaper,capital,understand,around,child,question.,experts,discuss,ongoing,developments,policy."
R196,New Report on Budget Report,REAL,"single,every,agreement.,simple,character,maintain,chair.,site,dark,father,always,country,tonight,step.,experts,discuss,ongoing,developments,budget,report."
R135,New Report on Budget Report,REAL,"idea,word,free,source,letter.,century,music,job,boy,poor.,debate,factor,six,kind,thing,see,free.,whose,interesting,cover,result,single,fall,where.,experts,discuss,ongoing,developments,budget,report."
F152,Government Cover-Up Confirmed by Sources,FAKE,"occur,push,specific,determine.,group,coach,risk,member,its.,—,shocking,claims,government,cover-up,surface,internet."
F180,Secret Cure Confirmed by Sources,FAKE,"method,imagine,still,call,finally,whatever.,—,shocking,claims,secret,cure,surface,internet."
F003,Secret Cure Confirmed by Sources,FAKE,"likely,agency,fine,american,force,place,gas.,wife,team,task,speech,congress.,—,shocking,claims,secret,cure,surface,internet."
F244,Celebrity Scandal Confirmed by Sources,FAKE,"computer,view,develop,help,federal.,difference,good,child,skin.,suddenly,sound,hope,call,two.,—,shocking,claims,celebrity,scandal,surface,internet."
F194,Immortal Jellyfish Confirmed by Sources,FAKE,"especially,continue,section,contain,perform,arm.,pay,friend,size.,radio,pattern,officer,difficult,agent,lot,seek.,young,model,mean,really.,—,shocking,claims,immortal,jellyfish,surface,internet."
R044,New Report on Policy,REAL,"service,month,million,natural,month,hard.,trade,join,value,large,street,sing.,experts,discuss,ongoing,developments,policy."
R141,New Report on Economic Growth,REAL,"anything,part,road,beautiful,social.,arrive,hit,go,point,production,usually.,door,public,especially.,experts,discuss,ongoing,developments,economic,growth."
R188,New Report on Climate Change,REAL,"difficult,water,sense.,fear,true,fear,throw.,author,account,matter,third,send,building.,experts,discuss,ongoing,developments,climate,change."
F010,Aliens Confirmed by Sources,FAKE,"follow,arm,focus,leg,cover,partner.,law,page,close,generation,necessary,another,seven,church.,stuff,determine,marriage,analysis,second,eye,allow.,—,shocking,claims,aliens,surface,internet."
R106,New Report on Economic Growth,REAL,"human,rich,station,understand,water,college.,strong,hear,newspaper,day,prove,drug.,lay,offer,concern,last.,experts,discuss,ongoing,developments,economic,growth."
R049,New Report on Research,REAL,"make,college,brother,whether,option,left,chance.,save,pressure,body,law,grow,order,call.,condition,thousand,tax,politics,mention,move.,huge,safe,reason,hot,program,moment,third.,experts,discuss,ongoing,developments,research."
R144,New Report on Budget Report,REAL,"style,work,skill,personal,theory,fish.,manage,head,radio,prepare,bar.,behavior,run,drive,decade,factor,heavy.,experts,discuss,ongoing,developments,budget,report."
F199,Celebrity Scandal Confirmed by Sources,FAKE,"certainly,community,activity.,anything,account,artist,poor,west.,war,range,visit,seat.,—,shocking,claims,celebrity,scandal,surface,internet."
F215,Secret Cure Confirmed by Sources,FAKE,"remember,term,politics,society,character,education,worry.,—,shocking,claims,secret,cure,surface,internet."
R176,New Report on Economic Growth,REAL,"gun,hear,left.,phone,home,color,employee,early,cut,notice.,agreement,mouth,thank,establish,hour,commercial.,experts,discuss,ongoing,developments,economic,growth."
F105,Hoax Confirmed by Sources,FAKE,"light,performance,west,rock,head,five,institution.,cultural,fine,end,pm,choose,interest,sing.,—,shocking,claims,hoax,surface,internet."
F031,Miracle Drug Confirmed by Sources,FAKE,"rest,drop,responsibility,car,talk,back.,professional,lay,eight,congress.,—,shocking,claims,miracle,drug,surface,internet."
R206,New Report on Research,REAL,"tree,water,store,dog,show,apply,writer.,experts,discuss,ongoing,developments,research."
F238,Secret Cure Confirmed by Sources,FAKE,"among,treat,address,way,friend.,federal,choice,service,control.,modern,pick,response,interest,price,when.,—,shocking,claims,secret,cure,surface,internet."
R027,New Report on Climate Change,REAL,"later,onto,eye,american,explain,spring.,little,role,office,rather,daughter,sure.,experts,discuss,ongoing,developments,climate,change."
F169,Government Cover-Up Confirmed by Sources,FAKE,"stage,story,leader,current.,nation,include,cultural,billion,official,administration.,—,shocking,claims,government,cover-up,surface,internet."
F208,Aliens Confirmed by Sources,FAKE,"career,unit,measure,simply,himself.,site,suddenly,capital,center,girl.,act,evidence,least,evening.,—,shocking,claims,aliens,surface,internet."
F212,Miracle Drug Confirmed by Sources,FAKE,"bag,coach,peace,hour,large.,sit,ahead,technology,modern,economic.,—,shocking,claims,miracle,drug,surface,internet."
F032,Hoax Confirmed by Sources,FAKE,"environmental,employee,chair,high,number.,record,despite,kitchen,feel.,—,shocking,claims,hoax,surface,internet."
F109,Hoax Confirmed by Sources,FAKE,"like,partner.,whether,avoid,college,leader,improve,main.,method,moment,light,time,look,determine,shoulder.,—,shocking,claims,hoax,surface,internet."
R111,New Report on Policy,REAL,"forward,us,cold.,lose,water,last,rock.,accept,drop,big,pressure,determine.,experts,discuss,ongoing,developments,policy."
F078,Aliens Confirmed by Sources,FAKE,"free,support,put,condition,finally,lose,idea.,onto,majority,music,capital.,yard,tv,vote,policy,mrs,what.,—,shocking,claims,aliens,surface,internet."
R105,New Report on Budget Report,REAL,"interesting,reach,line,able,still.,information,hit,vote,hand,moment.,experts,discuss,ongoing,developments,budget,report."
F196,Government Cover-Up Confirmed by Sources,FAKE,"entire,else,first,present,magazine,source,ten.,left,age,though,also,sense,look.,language,knowledge,dog,although,foreign.,—,shocking,claims,government,cover-up,surface,internet."
F118,Immortal Jellyfish Confirmed by Sources,FAKE,"account,action,seem,expert,avoid.,identify,final,blood,watch,perform,toward.,find,effect,look,various.,—,shocking,claims,immortal,jellyfish,surface,internet."
F077,Secret Cure Confirmed by Sources,FAKE,"bank,gas,individual,would.,around,party,become,pretty,control,field,skin,child.,—,shocking,claims,secret,cure,surface,internet."
F070,Government Cover-Up Confirmed by Sources,FAKE,"hair,expert,treat,fill.,ago,next,apply,point.,possible,southern,final,hit,hospital.,—,shocking,claims,government,cover-up,surface,internet."
F041,Immortal Jellyfish Confirmed by Sources,FAKE,"matter,marriage,image,much,prove,identify,discover.,student,garden,skill,mission,rise,region,each.,new,lot,leg,great.,—,shocking,claims,immortal,jellyfish,surface,internet."
R026,New Report on Policy,REAL,"organization,produce,type,full.,child,among,federal,base,together,report,example,tough.,defense,wait,edge,example,office,oil.,experts,discuss,ongoing,developments,policy."
R207,New Report on Policy,REAL,"indeed,difference,economic,take.,eye,crime,pass,rule,feel,alone.,experts,discuss,ongoing,developments,policy."
F163,Secret Cure Confirmed by Sources,FAKE,"hundred,stock,fish,gas,mother.,support,window,peace,sell,thousand,bring,standard.,—,shocking,claims,secret,cure,surface,internet."
F171,Government Cover-Up Confirmed by Sources,FAKE,"son,anyone,investment,arm,air,argue.,bank,like,student,agency,throw,near,great.,sometimes,reduce,officer,throughout.,—,shocking,claims,government,cover-up,surface,internet."
F139,Immortal Jellyfish Confirmed by Sources,FAKE,"similar,lead,true,treatment.,price,remember,others,late,man,price.,—,shocking,claims,immortal,jellyfish,surface,internet."
F120,Miracle Drug Confirmed by Sources,FAKE,"task,trouble,movement,democratic,medical.,modern,among,range.,—,shocking,claims,miracle,drug,surface,internet."
F146,Mind Control Confirmed by Sources,FAKE,"market,defense,movement,approach,however,fish,push.,small,among.,media,include,wind,cause.,—,shocking,claims,mind,control,surface,internet."
R115,New Report on Research,REAL,"run,much,return,space,speak.,experts,discuss,ongoing,developments,research."
F039,Aliens Confirmed by Sources,FAKE,"campaign,base,grow,example,cold.,picture,fight,far,rock.,—,shocking,claims,aliens,surface,internet."
F225,Hoax Confirmed by Sources,FAKE,"north,response,military,success,four,company,culture.,wait,stand,discussion.,—,shocking,claims,hoax,surface,internet."
F140,Aliens Confirmed by Sources,FAKE,"hold,impact,behavior,foreign,step,make,leader,phone.,somebody,along,hotel,feeling,upon,lot,book.,—,shocking,claims,aliens,surface,internet."
F122,Mind Control Confirmed by Sources,FAKE,"product,let,machine,night,official,maintain,cover.,rest,explain,consider.,think,able,thought,open,worker,benefit.,—,shocking,claims,mind,control,surface,internet."
R070,New Report on Budget Report,REAL,"ahead,speak,education,national.,court,whatever,appear,quality,reflect.,age,reality,morning,mother,already,conference.,sea,body.,experts,discuss,ongoing,developments,budget,report."
F248,Celebrity Scandal Confirmed by Sources,FAKE,"pm,concern,health,republican,thought,single,model.,ok,say,hundred,nor.,—,shocking,claims,celebrity,scandal,surface,internet."
R016,New Report on Technology Breakthrough,REAL,"sister,attorney,region,improve.,determine,role,bank,former,travel.,experts,discuss,ongoing,developments,technology,breakthrough."
R148,New Report on Technology Breakthrough,REAL,"remember,affect,pay,radio,order.,accept,republican,station,dinner,sign.,experts,discuss,ongoing,developments,technology,breakthrough."
R142,New Report on Budget Report,REAL,"social,measure,product,consider,scene,recent,bag,job.,experts,discuss,ongoing,developments,budget,report."
F141,Miracle Drug Confirmed by Sources,FAKE,"first,girl,make,free,whose,boy,edge,really.,measure,line,ever,agree.,—,shocking,claims,miracle,drug,surface,internet."
R076,New Report on Technology Breakthrough,REAL,"body,along,station,thus,management,ability,improve,tonight.,almost,business,responsibility,office,number,concern,husband,old.,town,approach,the.,experts,discuss,ongoing,developments,technology,breakthrough."
R180,New Report on Budget Report,REAL,"military,night,american,couple,debate,system,receive.,girl,specific,fear,government,change,later,focus.,experts,discuss,ongoing,developments,budget,report."
F126,Aliens Confirmed by Sources,FAKE,"cover,call,main,knowledge,member.,let,unit,good.,forward,camera,card,class,easy,range,identify.,—,shocking,claims,aliens,surface,internet."
R134,New Report on Economic Growth,REAL,"suffer,left.,business,agency,economy,close,pattern,term,cultural,kid.,mother,great,tonight.,experts,discuss,ongoing,developments,economic,growth."
F132,Mind Control Confirmed by Sources,FAKE,"thus,model,future,floor,table,or.,world,design,growth,card.,—,shocking,claims,mind,control,surface,internet."
F230,Immortal Jellyfish Confirmed by Sources,FAKE,"people,spend,good,now.,story,tend,sister,girl,possible,wear,staff.,nothing,employee.,need,world,statement,beautiful,play,ground.,—,shocking,claims,immortal,jellyfish,surface,internet."
F243,Aliens Confirmed by Sources,FAKE,"significant,surface,commercial,husband,fast.,practice,order,cause,physical,suggest.,main,american,box,big,relate.,—,shocking,claims,aliens,surface,internet."
R191,New Report on Budget Report,REAL,"interview,walk,finish,tax,cause,community,deal.,remain,yeah,capital,modern,return,speak.,front,movie,often,choose,rather,rich,future.,experts,discuss,ongoing,developments,budget,report."
R130,New Report on Public Health,REAL,"relate,hot,meet,air,seven,book,share,kid.,site,cost,doctor,middle,really.,experts,discuss,ongoing,developments,public,health."
F081,Mind Control Confirmed by Sources,FAKE,"wind,teacher,boy.,author,painting,today,bit,produce.,attorney,recently,nice,trial,laugh.,—,shocking,claims,mind,control,surface,internet."
R209,New Report on Technology Breakthrough,REAL,"glass,push,political,time,medical.,campaign,machine,set,than.,room,yard,wait,general,worker,according,tonight.,experts,discuss,ongoing,developments,technology,breakthrough."
F228,Hoax Confirmed by Sources,FAKE,"point,effect,get,huge,listen,military,event.,always,season,approach,nearly,person,already,drug.,—,shocking,claims,hoax,surface,internet."
R030,New Report on Budget Report,REAL,"home,mrs,official,ask.,floor,peace,town,red.,experts,discuss,ongoing,developments,budget,report."
R214,New Report on Education,REAL,"never,alone,approach,though,since,sound,raise.,grow,choice,smile,approach,happy.,claim,public,identify,community,economy,meeting.,experts,discuss,ongoing,developments,education."
R175,New Report on Economic Growth,REAL,"discuss,right,center,among,series,political.,environmental,kid,office,note,ever,allow,cover.,experts,discuss,ongoing,developments,economic,growth."
